epoch,train_loss,val_loss
1,8.272044337214753,6.487808091299875
2,6.167389543673482,5.95365389755794
3,5.538024923671929,5.2665621893746515
4,4.938531407913842,4.845603789602007
5,4.570207320082302,4.601843970162528
6,4.326748261436487,4.440349902425494
7,4.137666400629111,4.30763179063797
8,3.9726832400495633,4.210311114788055
9,3.827190036590869,4.128386080265045
10,3.700684078966086,4.0498771752629965
