epoch,train_loss,val_loss
1,8.255763239753893,6.489749329430716
2,6.178410682434472,5.989950469561985
3,5.573700475235716,5.2996659108570645
4,4.988026003487194,4.886036259787423
5,4.631917133879738,4.645628247942243
6,4.389666599968371,4.487206527165005
7,4.205327494837605,4.3700171283313205
8,4.052925575274629,4.280701296670096
9,3.9227722848947058,4.204866818019322
10,3.8060215631612953,4.152378244059427
