epoch,train_loss,val_loss
1,8.255908097702855,6.485010402543204
2,6.1791182813553,6.000635981559753
3,5.607427074505498,5.339459879057748
4,5.039279451766334,4.941816108567374
5,4.690912990143505,4.693117329052517
6,4.4491004151658124,4.535937649863107
7,4.262647567084803,4.40781705720084
8,4.1137348820987985,4.324925942080362
9,3.9862156691261754,4.245326178414481
10,3.8736205276208944,4.189971395901272
