epoch,train_loss,val_loss
1,8.254893961044166,6.489644578524998
2,6.171856313467788,5.9773722887039185
3,5.560447776660371,5.287336690085275
4,4.974747787268398,4.885165248598371
5,4.6202329644760765,4.65117073059082
6,4.379555069219571,4.479323881013053
7,4.1975727987746465,4.374303451606205
8,4.047357055706719,4.27963879278728
9,3.9212589263916016,4.2117294158254355
10,3.8043008041077147,4.155691725867135
